{
  "app:toggle-left-sidebar": [
    {
      "modifiers": [
        "Alt"
      ],
      "key": "H"
    }
  ],
  "editor:toggle-highlight": [
    {
      "modifiers": [
        "Mod"
      ],
      "key": "]"
    }
  ],
  "editor:insert-wikilink": [
    {
      "modifiers": [
        "Mod"
      ],
      "key": "K"
    }
  ],
  "editor:insert-link": [],
  "app:go-back": [
    {
      "modifiers": [
        "Alt"
      ],
      "key": "ArrowLeft"
    }
  ],
  "app:go-forward": [
    {
      "modifiers": [
        "Alt"
      ],
      "key": "ArrowRight"
    }
  ],
  "editor:toggle-blockquote": [
    {
      "modifiers": [
        "Mod"
      ],
      "key": "'"
    }
  ],
  "canvas:new-file": [
    {
      "modifiers": [
        "Mod",
        "Shift"
      ],
      "key": "N"
    }
  ],
  "file-explorer:new-file-in-new-pane": []
}