{
  "main": {
    "id": "6bc9e0c722dbc3ca",
    "type": "split",
    "children": [
      {
        "id": "b9a9186d34332a29",
        "type": "tabs",
        "children": [
          {
            "id": "a7cfc834ffd944f3",
            "type": "leaf",
            "state": {
              "type": "empty",
              "state": {}
            }
          }
        ]
      }
    ],
    "direction": "vertical"
  },
  "left": {
    "id": "73c0f19b5ddcd711",
    "type": "split",
    "children": [
      {
        "id": "ac5be766222675de",
        "type": "tabs",
        "children": [
          {
            "id": "db3e0b724e5ba47a",
            "type": "leaf",
            "state": {
              "type": "file-explorer",
              "state": {
                "sortOrder": "alphabetical"
              }
            }
          },
          {
            "id": "8c5d80264a158cf6",
            "type": "leaf",
            "state": {
              "type": "search",
              "state": {
                "query": "tag:#String",
                "matchingCase": false,
                "explainSearch": false,
                "collapseAll": false,
                "extraContext": false,
                "sortOrder": "alphabetical"
              }
            }
          },
          {
            "id": "137451c4c57d2f7f",
            "type": "leaf",
            "state": {
              "type": "starred",
              "state": {}
            }
          }
        ]
      }
    ],
    "direction": "horizontal",
    "width": 200
  },
  "right": {
    "id": "e93664766f53dd7a",
    "type": "split",
    "children": [
      {
        "id": "54eec749d55e3e17",
        "type": "tabs",
        "children": [
          {
            "id": "08f8d6fa6f21ad84",
            "type": "leaf",
            "state": {
              "type": "backlink",
              "state": {
                "collapseAll": false,
                "extraContext": false,
                "sortOrder": "alphabetical",
                "showSearch": false,
                "searchQuery": "",
                "backlinkCollapsed": false,
                "unlinkedCollapsed": false
              }
            }
          },
          {
            "id": "959f80c7f83137eb",
            "type": "leaf",
            "state": {
              "type": "outgoing-link",
              "state": {
                "linksCollapsed": false,
                "unlinkedCollapsed": true
              }
            }
          },
          {
            "id": "8f6bf53e9511e853",
            "type": "leaf",
            "state": {
              "type": "tag",
              "state": {
                "sortOrder": "frequency",
                "useHierarchy": true
              }
            }
          },
          {
            "id": "ccf50e791ee27409",
            "type": "leaf",
            "state": {
              "type": "outline",
              "state": {}
            }
          }
        ]
      }
    ],
    "direction": "horizontal",
    "width": 200
  },
  "left-ribbon": {
    "hiddenItems": {
      "canvas:新建白板": false,
      "switcher:打开快速切换": false,
      "graph:查看关系图谱": false,
      "daily-notes:打开/创建今天的日记": false,
      "templates:插入模板": false,
      "command-palette:打开命令面板": false
    }
  },
  "active": "a7cfc834ffd944f3",
  "lastOpenFiles": [
    "附件/未来的幸存者.md",
    "附件/为什么退休金靠不住.md",
    "附件/为什么你可以不读大学.md",
    "附件/数学错题本.md",
    "附件/三角函数.md",
    "附件/Java工程师.md",
    "主要学习计划.md",
    "附件/未命名 8.md",
    "附件/为什么雇佣制度对工人不利.md",
    "附件/母鸡与前端工程师.md",
    "附件/未命名 7.md",
    "附件/那些无用的人.md",
    "附件/未命名 6.md",
    "附件/Jekyll.md",
    "素材/Pasted image 20230423164006.png",
    "附件/如何制作一个个人博客.md",
    "附件/数学中不了解的知识.md",
    "附件/草稿.md",
    "附件/专升本数学.md",
    "附件/未命名 5.md",
    "附件/创建3dsmax脚本.md",
    "附件/未命名 4.md",
    "附件/AI 关键词.md",
    "附件/如何使用AI.md",
    "附件/AI 视频创作.md",
    "附件/利用 AI 学习.md",
    "附件/角色扮演游戏.md",
    "素材/A5.jpg",
    "素材/A4.jpg",
    "素材/A3.jfif",
    "素材/A2.jpg",
    "素材/A1.(1).jpg",
    "素材/A1_cleanup.jfif",
    "素材/Pasted image 20230322145343.png",
    "素材/Pasted image 20230322145116.png",
    "素材/Pasted image 20230322144939.png",
    "素材/00657043.png",
    "素材/Pasted image 20230312003524.png",
    "微积分原理.canvas",
    "附件/未命名.canvas",
    "素材",
    "附件"
  ]
}