{
  "bools_are_tristate": true,
  "user_categories": {},
  "saved_searches": {},
  "grouped_search_terms": {},
  "tag_browser_hidden_categories": [],
  "tag_browser_category_order": [
    "authors",
    "languages",
    "series",
    "formats",
    "publisher",
    "rating",
    "news",
    "tags",
    "identifiers"
  ],
  "library_view books view state": {
    "column_alignment": {
      "pubdate": "center",
      "size": "center",
      "timestamp": "center"
    },
    "column_positions": {
      "authors": 3,
      "formats": 10,
      "id": 1,
      "languages": 14,
      "last_modified": 13,
      "ondevice": 0,
      "path": 11,
      "pubdate": 12,
      "publisher": 9,
      "rating": 6,
      "series": 8,
      "size": 5,
      "tags": 7,
      "timestamp": 4,
      "title": 2
    },
    "column_sizes": {
      "authors": 87,
      "formats": 0,
      "id": 0,
      "languages": 0,
      "last_modified": 0,
      "path": 0,
      "pubdate": 78,
      "publisher": 66,
      "rating": 54,
      "series": 54,
      "size": 81,
      "tags": 54,
      "timestamp": 77,
      "title": 99
    },
    "formats_injected": true,
    "hidden_columns": [
      "id",
      "formats",
      "path",
      "last_modified",
      "languages"
    ],
    "id_injected": true,
    "languages_injected": true,
    "last_modified_injected": true,
    "path_injected": true,
    "sort_history": [
      [
        "timestamp",
        false
      ]
    ]
  },
  "books view split pane state": {
    "column_positions": {
      "authors": 3,
      "formats": 10,
      "id": 1,
      "languages": 14,
      "last_modified": 13,
      "ondevice": 0,
      "path": 11,
      "pubdate": 12,
      "publisher": 9,
      "rating": 6,
      "series": 8,
      "size": 5,
      "tags": 7,
      "timestamp": 4,
      "title": 2
    },
    "column_sizes": {
      "authors": 100,
      "formats": 100,
      "id": 100,
      "languages": 100,
      "last_modified": 100,
      "path": 100,
      "pubdate": 100,
      "publisher": 100,
      "rating": 100,
      "series": 100,
      "size": 100,
      "tags": 100,
      "timestamp": 100,
      "title": 100
    },
    "hidden_columns": []
  },
  "field_metadata": {
    "au_map": {
      "column": null,
      "datatype": "text",
      "display": {},
      "is_category": false,
      "is_csp": false,
      "is_custom": false,
      "is_editable": true,
      "is_multiple": {
        "cache_to_list": ",",
        "list_to_ui": null,
        "ui_to_list": null
      },
      "kind": "field",
      "label": "au_map",
      "name": null,
      "rec_index": 18,
      "search_terms": [],
      "table": null
    },
    "author_sort": {
      "column": null,
      "datatype": "text",
      "display": {},
      "is_category": false,
      "is_csp": false,
      "is_custom": false,
      "is_editable": true,
      "is_multiple": {},
      "kind": "field",
      "label": "author_sort",
      "name": "\u6392\u5e8f\u4f5c\u8005",
      "rec_index": 12,
      "search_terms": [
        "author_sort"
      ],
      "table": null
    },
    "authors": {
      "category_sort": "sort",
      "column": "name",
      "datatype": "text",
      "display": {},
      "is_category": true,
      "is_csp": false,
      "is_custom": false,
      "is_editable": true,
      "is_multiple": {
        "cache_to_list": ",",
        "list_to_ui": " & ",
        "ui_to_list": "&"
      },
      "kind": "field",
      "label": "authors",
      "link_column": "author",
      "name": "\u4f5c\u8005",
      "rec_index": 2,
      "search_terms": [
        "authors",
        "author"
      ],
      "table": "authors"
    },
    "comments": {
      "column": null,
      "datatype": "text",
      "display": {},
      "is_category": false,
      "is_csp": false,
      "is_custom": false,
      "is_editable": true,
      "is_multiple": {},
      "kind": "field",
      "label": "comments",
      "name": "\u7b80\u4ecb",
      "rec_index": 7,
      "search_terms": [
        "comments",
        "comment"
      ],
      "table": null
    },
    "cover": {
      "column": null,
      "datatype": "int",
      "display": {},
      "is_category": false,
      "is_csp": false,
      "is_custom": false,
      "is_editable": true,
      "is_multiple": {},
      "kind": "field",
      "label": "cover",
      "name": "\u5c01\u9762",
      "rec_index": 17,
      "search_terms": [
        "cover"
      ],
      "table": null
    },
    "formats": {
      "column": null,
      "datatype": "text",
      "display": {},
      "is_category": true,
      "is_csp": false,
      "is_custom": false,
      "is_editable": true,
      "is_multiple": {
        "cache_to_list": ",",
        "list_to_ui": ", ",
        "ui_to_list": ","
      },
      "kind": "field",
      "label": "formats",
      "name": "\u683c\u5f0f",
      "rec_index": 13,
      "search_terms": [
        "formats",
        "format"
      ],
      "table": null
    },
    "id": {
      "column": null,
      "datatype": "int",
      "display": {},
      "is_category": false,
      "is_csp": false,
      "is_custom": false,
      "is_editable": true,
      "is_multiple": {},
      "kind": "field",
      "label": "id",
      "name": "Id",
      "rec_index": 0,
      "search_terms": [
        "id"
      ],
      "table": null
    },
    "identifiers": {
      "column": null,
      "datatype": "text",
      "display": {},
      "is_category": true,
      "is_csp": true,
      "is_custom": false,
      "is_editable": true,
      "is_multiple": {
        "cache_to_list": ",",
        "list_to_ui": ", ",
        "ui_to_list": ","
      },
      "kind": "field",
      "label": "identifiers",
      "name": "\u6807\u8bc6\u7b26",
      "rec_index": 20,
      "search_terms": [
        "identifiers",
        "identifier",
        "isbn"
      ],
      "table": null
    },
    "in_tag_browser": {
      "column": null,
      "datatype": "text",
      "display": {},
      "is_category": false,
      "is_csp": false,
      "is_custom": false,
      "is_editable": true,
      "is_multiple": {},
      "kind": "field",
      "label": "in_tag_browser",
      "name": null,
      "rec_index": 25,
      "search_terms": [
        "in_tag_browser"
      ],
      "table": null
    },
    "languages": {
      "category_sort": "lang_code",
      "column": "lang_code",
      "datatype": "text",
      "display": {},
      "is_category": true,
      "is_csp": false,
      "is_custom": false,
      "is_editable": true,
      "is_multiple": {
        "cache_to_list": ",",
        "list_to_ui": ", ",
        "ui_to_list": ","
      },
      "kind": "field",
      "label": "languages",
      "link_column": "lang_code",
      "name": "\u8bed\u8a00",
      "rec_index": 21,
      "search_terms": [
        "languages",
        "language"
      ],
      "table": "languages"
    },
    "last_modified": {
      "column": null,
      "datatype": "datetime",
      "display": {
        "date_format": "dd MMM yyyy"
      },
      "is_category": false,
      "is_csp": false,
      "is_custom": false,
      "is_editable": true,
      "is_multiple": {},
      "kind": "field",
      "label": "last_modified",
      "name": "\u4fee\u6539\u65e5\u671f",
      "rec_index": 19,
      "search_terms": [
        "last_modified"
      ],
      "table": null
    },
    "marked": {
      "column": null,
      "datatype": "text",
      "display": {},
      "is_category": false,
      "is_csp": false,
      "is_custom": false,
      "is_editable": true,
      "is_multiple": {},
      "kind": "field",
      "label": "marked",
      "name": null,
      "rec_index": 23,
      "search_terms": [
        "marked"
      ],
      "table": null
    },
    "news": {
      "category_sort": "name",
      "column": "name",
      "datatype": null,
      "display": {},
      "is_category": true,
      "is_csp": false,
      "is_custom": false,
      "is_editable": true,
      "is_multiple": {},
      "kind": "category",
      "label": "news",
      "name": "\u65b0\u95fb",
      "search_terms": [],
      "table": "news"
    },
    "ondevice": {
      "column": null,
      "datatype": "text",
      "display": {},
      "is_category": false,
      "is_csp": false,
      "is_custom": false,
      "is_editable": true,
      "is_multiple": {},
      "kind": "field",
      "label": "ondevice",
      "name": "\u5728\u8bbe\u5907\u4e2d",
      "rec_index": 22,
      "search_terms": [
        "ondevice"
      ],
      "table": null
    },
    "path": {
      "column": null,
      "datatype": "text",
      "display": {},
      "is_category": false,
      "is_csp": false,
      "is_custom": false,
      "is_editable": true,
      "is_multiple": {},
      "kind": "field",
      "label": "path",
      "name": "\u8def\u5f84",
      "rec_index": 14,
      "search_terms": [],
      "table": null
    },
    "pubdate": {
      "column": null,
      "datatype": "datetime",
      "display": {
        "date_format": "MMM yyyy"
      },
      "is_category": false,
      "is_csp": false,
      "is_custom": false,
      "is_editable": true,
      "is_multiple": {},
      "kind": "field",
      "label": "pubdate",
      "name": "\u51fa\u7248\u65e5\u671f",
      "rec_index": 15,
      "search_terms": [
        "pubdate"
      ],
      "table": null
    },
    "publisher": {
      "category_sort": "name",
      "column": "name",
      "datatype": "text",
      "display": {},
      "is_category": true,
      "is_csp": false,
      "is_custom": false,
      "is_editable": true,
      "is_multiple": {},
      "kind": "field",
      "label": "publisher",
      "link_column": "publisher",
      "name": "\u51fa\u7248\u5546",
      "rec_index": 9,
      "search_terms": [
        "publisher"
      ],
      "table": "publishers"
    },
    "rating": {
      "category_sort": "rating",
      "column": "rating",
      "datatype": "rating",
      "display": {},
      "is_category": true,
      "is_csp": false,
      "is_custom": false,
      "is_editable": true,
      "is_multiple": {},
      "kind": "field",
      "label": "rating",
      "link_column": "rating",
      "name": "\u8bc4\u5206",
      "rec_index": 5,
      "search_terms": [
        "rating"
      ],
      "table": "ratings"
    },
    "series": {
      "category_sort": "(title_sort(name))",
      "column": "name",
      "datatype": "series",
      "display": {},
      "is_category": true,
      "is_csp": false,
      "is_custom": false,
      "is_editable": true,
      "is_multiple": {},
      "kind": "field",
      "label": "series",
      "link_column": "series",
      "name": "\u4e1b\u4e66",
      "rec_index": 8,
      "search_terms": [
        "series"
      ],
      "table": "series"
    },
    "series_index": {
      "column": null,
      "datatype": "float",
      "display": {},
      "is_category": false,
      "is_csp": false,
      "is_custom": false,
      "is_editable": true,
      "is_multiple": {},
      "kind": "field",
      "label": "series_index",
      "name": null,
      "rec_index": 10,
      "search_terms": [
        "series_index"
      ],
      "table": null
    },
    "series_sort": {
      "column": null,
      "datatype": "text",
      "display": {},
      "is_category": false,
      "is_csp": false,
      "is_custom": false,
      "is_editable": true,
      "is_multiple": {},
      "kind": "field",
      "label": "series_sort",
      "name": "\u4e1b\u4e66\u6392\u5e8f",
      "rec_index": 24,
      "search_terms": [
        "series_sort"
      ],
      "table": null
    },
    "size": {
      "column": null,
      "datatype": "float",
      "display": {},
      "is_category": false,
      "is_csp": false,
      "is_custom": false,
      "is_editable": true,
      "is_multiple": {},
      "kind": "field",
      "label": "size",
      "name": "\u5927\u5c0f",
      "rec_index": 4,
      "search_terms": [
        "size"
      ],
      "table": null
    },
    "sort": {
      "column": null,
      "datatype": "text",
      "display": {},
      "is_category": false,
      "is_csp": false,
      "is_custom": false,
      "is_editable": true,
      "is_multiple": {},
      "kind": "field",
      "label": "sort",
      "name": "\u6392\u5e8f\u4e66\u540d",
      "rec_index": 11,
      "search_terms": [
        "title_sort"
      ],
      "table": null
    },
    "tags": {
      "category_sort": "name",
      "column": "name",
      "datatype": "text",
      "display": {},
      "is_category": true,
      "is_csp": false,
      "is_custom": false,
      "is_editable": true,
      "is_multiple": {
        "cache_to_list": ",",
        "list_to_ui": ", ",
        "ui_to_list": ","
      },
      "kind": "field",
      "label": "tags",
      "link_column": "tag",
      "name": "\u6807\u7b7e",
      "rec_index": 6,
      "search_terms": [
        "tags",
        "tag"
      ],
      "table": "tags"
    },
    "timestamp": {
      "column": null,
      "datatype": "datetime",
      "display": {
        "date_format": "dd MMM yyyy"
      },
      "is_category": false,
      "is_csp": false,
      "is_custom": false,
      "is_editable": true,
      "is_multiple": {},
      "kind": "field",
      "label": "timestamp",
      "name": "\u65e5\u671f",
      "rec_index": 3,
      "search_terms": [
        "date"
      ],
      "table": null
    },
    "title": {
      "column": null,
      "datatype": "text",
      "display": {},
      "is_category": false,
      "is_csp": false,
      "is_custom": false,
      "is_editable": true,
      "is_multiple": {},
      "kind": "field",
      "label": "title",
      "name": "\u4e66\u540d",
      "rec_index": 1,
      "search_terms": [
        "title"
      ],
      "table": null
    },
    "uuid": {
      "column": null,
      "datatype": "text",
      "display": {},
      "is_category": false,
      "is_csp": false,
      "is_custom": false,
      "is_editable": true,
      "is_multiple": {},
      "kind": "field",
      "label": "uuid",
      "name": null,
      "rec_index": 16,
      "search_terms": [
        "uuid"
      ],
      "table": null
    }
  }
}